<?xml version="1.0" encoding="UTF-8" standalone="yes"?>
<addon id="repository.androidrepublica" name="[COLOR lime]Androidrepublica[/COLOR] Repo" version="7.0.0" provider-name="Androidrepublica">
	<extension point="xbmc.addon.repository" name="Androidrepublica Repo">
        	<dir>
            		<info compressed="false">https://raw.githubusercontent.com/androidrepublica/repository.androidrepublica/master/repo/zips/addons.xml</info>
            		<checksum>https://raw.githubusercontent.com/androidrepublica/repository.androidrepublica/master/repo/zips/addons.xml.md5</checksum>
           		 <datadir zip="true">https://raw.githubusercontent.com/androidrepublica/repository.androidrepublica/master/repo/zips/</datadir>
        	</dir>
		<dir minversion="20.0.0" maxversion="20.9.9">
			<info compressed="false">https://raw.githubusercontent.com/androidrepublica/repository.androidrepublica/master/nexus/zips/addons.xml</info>
			<checksum>https://raw.githubusercontent.com/androidrepublica/repository.androidrepublica/master/nexus/zips/addons.xml.md5</checksum>
			<datadir zip="true">https://raw.githubusercontent.com/androidrepublica/repository.androidrepublica/master/nexus/zips/</datadir>
		</dir>
		<dir minversion="21.0.0">
			<info compressed="false">https://raw.githubusercontent.com/androidrepublica/repository.androidrepublica/master/omega/zips/addons.xml</info>
			<checksum>https://raw.githubusercontent.com/androidrepublica/repository.androidrepublica/master/omega/zips/addons.xml.md5</checksum>
			<datadir zip="true">https://raw.githubusercontent.com/androidrepublica/repository.androidrepublica/master/omega/zips/</datadir>
		</dir>
		<dir>
			<info compressed="false">https://raw.githubusercontent.com/Gujal00/smrzips/master/addons.xml</info>
			<checksum>https://raw.githubusercontent.com/Gujal00/smrzips/master/addons.xml.md5</checksum>
			<datadir zip="true">https://raw.githubusercontent.com/Gujal00/smrzips/master/zips/</datadir>
		</dir>
	</extension>
		<extension point="xbmc.addon.metadata">
		<summary lang="en">Install Addons From Androidrepublica : Kodi Malaysia</summary>
		<description lang="en">Androidrepublica Repo</description>
		<disclaimer lang="en">Copyright of androidrepublica.com</disclaimer>
		<platform>all</platform>
		<assets>
			<icon>icon.png</icon>
			<fanart>fanart.jpg</fanart>
			<screenshot></screenshot>
			<screenshot></screenshot>
			<screenshot></screenshot>
		</assets>
	</extension>
</addon>